ID,Organization,Expertise,Field,Category,Interest,Influence,Activity,Youth,Level,Site
1,UNICEF,"Fondul Națiunilor Unite pentru Copii (UNICEF) mobilizează resurse de la persoane fizice, companii din sectorul privat și fundații pentru a sprijini copiii din România și nu numai. Aceștia fac analize periodice ale situației, analizând modul în care UNICEF și partenerii săi, ONG-urile și alți experți pot interveni și colabora cu autoritățile centrale și locale pentru a aborda problemele nerezolvate.",Tineri,Internațională,Mare,Mare,Mare,Pentru tineri,Național,https://www.unicef.org/romania/ro
2,Asociația Moașelor Independente,"AMI este membră a ICM (Confederația Internațională a Moașelor), care colaborează îndeaproape cu OMS, UNICEF, FIGO, UNFPA, PMNCH, etc. Acestea sunt specializate în a ajuta mamele la fiecare pas, de la concepție la naștere și postpartum. În Europa, moașele informează și ajută, de asemenea, cuplurile cu probleme de fertilitate; ele promovează sănătatea mamei și a familiei și predau educație sexuală în școli.",Muncă,Non-guvernamentală,Mare,Mică,Mare,Pentru tineri,Național,https://moasele.ro/
3,GoFree,"Sunt o organizație neguvernamentală cu sediul în Cluj-Napoca, care se concentrează pe lucrul cu tinerii pentru a promova diversitatea și a încuraja dialogul între diferite comunități. Obiectivul lor principal este pe teme precum solidaritatea, justiția socială și împuternicirea tinerilor să ia măsuri împotriva nedreptății sociale. Ei sunt specializați în activism și organizare a mișcărilor care promovează mândria, incluziunea și diversitatea. În plus, au lansat Go Free Magazine, care încurajează jurnalismul cetățean. Tinerii membri ai revistei sunt implicați în planificarea, documentația, editarea și publicarea revistei, care oferă o cale pentru tinerii Cluj-Napoca să se exprime și să se implice în problemele comunității.",Social,Non-guvernamentală,Mare,Mică,Mică,Pentru tineri,Regional,https://www.gofree.ro/
4,Proiectul Rise,"Este o comunitate de jurnaliști, activiști și programatori care investighează criminalitatea organizată în România și țările vecine. Ei descoperă conexiuni între politicieni, organizații de criminalitate și întreprinderi. De asemenea, primesc documente offshore și le analizează bine. Ei își publică investigațiile și creează o arhivă vizuală a intereselor ascunse în România.",Social,Media,Mic,Mică,Mică,Pentru tineri,Național,https://www.riseproject.ro/?fbclid=IwAR2j8XIa6QzVbpCsk-gHE7njdRWd4A1o1YrQfof-kI7RwUJLWbw7Uia_gyc
5,Rethink,"Sunt un „think tank” (organizație) format din antreprenori români care își propun să creeze un plan de 30 de ani pentru viitorul României. Ei lucrează la convingerea că România încă nu trebuie să -și atingă întregul potențial. Interesele lor principale sunt mentalitatea, demografia, educația, studiile și digitalizarea.",Social,Non-guvernamentală,Mic,Mare,Mică,Pentru tineri,Național,https://rethinkromania.ro/
6,Preventis,"Organizează campanii anti-droguri și oferă consiliere și sprijin familiilor cu copii care au probleme de abuz de substanțe. Ei își propun să vadă copii și adolescenți liberi de dependențe și să se dezvolte la potențialul lor maxim. Ele abordează simptomele și cauzele abuzului de substanțe, care vizează prevenirea pe cât posibil.",Sănătate,Non-guvernamentală,Mare,Mică,Mare,Pentru tineri,Național,https://preventis.ro/
7,MozaiQ,"Sunt o organizație comunitară adresată LGBTQIA+ persoanelor din România care își propun să -și îmbunătățească calitatea vieții prin programe care ajută nevoile lor. De asemenea, aceștia urmăresc să reprezinte, să promoveze și să -și protejeze drepturile și să se asigure că nu sunt victime ale discriminării. Viziunea și scopul lor este să vadă oameni din comunitatea LGBTQIA+ participând activ la viața socială, politică, economică și culturală, oferind serviciile lor.",Social,Non-guvernamentală,Mare,Mare,Mare,Pentru tineri,Național,https://www.mozaiqlgbt.ro/en/
8,WHO,"Organizația Mondială a Sănătății (OMS) sunt Agenția Națiunilor Unite care conectează partenerii, națiunile și oamenii pentru a promova sănătatea, astfel încât toată lumea să poată atinge cel mai înalt nivel de fitness. Aceștia conduc eforturi globale de extindere a acoperirii universale a sănătății și coordonarea răspunsului lumii la urgențele de sănătate.",Sănătate,Internațională,Mare,Mare,Mare,Pentru tineri,Național,https://www.who.int/romania
9,Ministerul Sănătății,Sunt unul dintre ministerele deținute de guvern din România și supraveghează toate acțiunile întreprinse în România referitoare la sănătatea și politicile de implementare.,Sănătate,Publică,Mic,Mare,Mică,Pentru tineri,Național,https://www.ms.ro/ro/
10,Ministerul Muncii, Sunt unul dintre ministerele deținute de guvern și supraveghează toate acțiunile întreprinse în țară referitoare la politicile de muncă.,Muncă,Publică,Mic,Mare,Mică,Pentru tineri,Național,http://mmuncii.ro/j33/index.php/ro/
11,Ministerul Mediului,Sunt unul dintre ministerele deținute de guvern din România și au misiunea de a proteja mediul și de a crește calitatea vieții cetățenilor.,Mediu,Publică,Mic,Mare,Mică,Pentru tineri,Național,http://www.mmediu.ro/
12,Institutul Național Pentru Sănătatea Publică,"Scopul Institutului este de a oferi sprijin tehnic și metodologic rețelei de sănătate publică. Supraveghează sănătatea populației în ceea ce privește bolile transmisibile, cât și cele care nu sunt transmisibile și identifică orice probleme de sănătate care există în cadrul comunității. INSP este responsabil pentru crearea metodologiei, instrumentelor și indicatorilor care sunt folosiți pentru a monitoriza și evalua serviciile de sănătate publică, programele, promovarea sănătății și educația pentru sănătate. De asemenea, se asigură că există un sistem integrat de informații și IT pentru gestionarea sănătății publice.",Sănătate,Publică,Mare,Mare,Mică,Pentru tineri,Național,https://insp.gov.ro/
13,Casa Naționala de Asigurări de Sănătate,Sunt o instituție publică al cărei obiectiv principal este coordonarea sistemului de asigurări publice de sănătate publică din România.,Sănătate,Publică,Mic,Mare,Mare,Pentru tineri,Național,https://cnas.ro/
14,Zi de Bine,"Sunt o organizație din România care ajută noii ONG -uri și comunități să găsească soluții specifice la problemele legate de educație, sănătate (fizică, emoțională și mentală), incluziune socială, sărăcie și mediu.",Social,Non-guvernamentală,Mare,Mică,Mare,Pentru tineri,Național,https://www.zidebine.ro/
15,Asociația Magic,Asociația Magic este o organizație neguvernamentală care ajută copiii cu boli severe și familiile lor.,Social,Non-guvernamentală,Mare,Mare,Mare,Pentru tineri,Național,https://asociatiamagic.ro/despre-noi
16,Agenția Națională pentru Programe Comunitare în Domeniul Educației și Formării Profesionale (ANPCDEFP),Sunt o agenție care gestionează programul Erasmus+ din România și oferă sprijin celor care doresc să solicite finanțare.,Tineri,Publică,Mare,Mică,Mică,Pentru tineri,Național,https://www.anpcdefp.ro/
17,Centrul Național pentru Sănătatea Mintală și Lupta Anti-droguri,"Sunt o instituție publică în subordonarea Ministerului Sănătății care asigură coordonarea, implementarea și evaluarea la nivelul național al politicilor de sănătate mintală.",Sănătate,Publică,Mare,Mare,Mare,Pentru tineri,Național,https://cnsm.org.ro/despre-noi/
18,Asociaţia Română de Psihiatrie a Copilului şi Adolescentului şi Profesii Asociate,"ARPCAPA este o asociație profesională-științifică, non-politică, non-profit, fondată de profesioniști în sănătatea mintală pentru copii și adolescenți, care urmărește să desfășoare, să apere și să promoveze activități legate de asistență, cercetare și educație profesională în domeniul psihiatriei.",Sănătate,Non-guvernamentală,Mare,Mare,Mare,Pentru tineri,Național,https://www.arpcapa.ro/
19,Institutul Mind,"Este un institut specializat în psihoterapie, cu 15 colaboratori care oferă servicii psihologice.",Sănătate,Privată,Mare,Mică,Mare,Pentru tineri,Regional,https://www.mindinstitute.ro
20,Asociația DEIS,"Este o organizație non-guvernamentală, non-profit și apolitică. Aceștia își propun să faciliteze accesul tinerilor la educația informală și să promoveze cetățenia activă. Programele și proiectul lor contribuie la dezvoltarea tinerilor, educația personală și profesională, promovarea diversității culturale, a valorilor europene, a muncii voluntare etc.",Tineri,Non-guvernamentală,Mic,Mică,Mică,Pentru tineri,Local,https://www.deis.ro/
21,Asociația Little People,"Aceștia oferă pacienților cu cancer de copii și adolescenți sprijinul de care au nevoie. Oferă domeniul oncologiei pediatrice cu servicii precum programe de sprijin psihosocial zilnic, evenimente pentru tinerii supraviețuitori ai cancerului, profesionalism în coordonarea voluntarilor etc.",Sănătate,Non-guvernamentală,Mare,Mică,Mare,Pentru tineri,EU,https://www.thelittlepeople.ro/en/
22,"Centrul Județean De Resurse Și De Asistență Educațională, Cluj","Această instituție de învățământ este subordonată Ministerului Educației Naționale. Cele mai importante servicii pe care le oferă sunt informațiile, consilierea școlară, consilierea academică, îndrumarea în carieră și terapia de vorbire și limbaj.",Educație,Publică,Mare,Mică,Mare,Pentru tineri,Regional,https://cjraecluj.ro/cjrae/
23,Speranțe și Case Pentru Copii,"Ei luptă împotriva instituționalizării copiilor, misiunea lor fiind de a pierde toate orfelinatele din România până în 2027 și de a împiedica familiile să se despartă din cauza sărăciei.",Tineri,Non-guvernamentală,Mare,Mare,Mare,Pentru tineri,EU,https://hopeandhomes.ro/
24,Accept,Este o organizație neguvernamentală care promovează drepturile LGBTQ la nivel național. Ei doresc să schimbe mentalitatea românilor cu privire la LGBT și să creeze o societate în care orientarea sexuală și sexul sunt considerate caracteristici superficiale ale ființelor umane.,Social,Non-guvernamentală,Mare,Mare,Mare,Pentru tineri,Local,https://www.acceptromania.ro/
25,Confederația Caritas,"Aceștia își propun să ajute cei săraci și marginalizați să aibă o viață decentă prin programe de asistență socială și acțiuni caritabile. Zece organizații Active Caritas din România facilitează serviciile copiilor din condiții nefavorabile, persoane cu nevoi speciale, bătrâni etc.",Religie,Non-guvernamentală,Mare,Mare,Mare,Pentru tineri,Național,https://caritasromania.ro/contact/
26,Centrul de sănătate ARAS,"Aceștia își propun să dezvolte servicii de sănătate cu o abordare holistică pentru a oferi sprijin și consiliere oamenilor. Acestea oferă ajutor medical, precum și psihoterapie și ajutor psihologic. De asemenea, promovează prevenirea și consilierea pentru boli precum HIV, VHB și VHC.",Sănătate,Non-guvernamentală,Mare,Mică,Mare,Pentru tineri,Național,http://www.centrularas.ro/
27,Directia Generală de Asistență Socială și Protecția Copilului Cluj,"Aceștia își propun să protejeze drepturile familiilor, copiilor și oricărui adult cu dizabilități prin mobilizarea resurselor și parteneriatelor cu organizații care dețin activități în corelație cu asistența socială. Misiunea lor este de a oferi un sistem de asistență socială persoanelor care au nevoie și de a oferi securitate socială și universală.",Social,Publică,Mare,Mare,Mare,Pentru tineri,Regional,https://www.dgaspc-cluj.ro/
28,"Insitutul al Acțiunilor de Pace, Educație și Cercetare România","Institutul de acțiune de pace, instruire și cercetare din România (PATRIR) este o organizație non-guvernamentală, non-profit, independentă din punct de vedere politic. Institutul are ca principii fundamentale non-violență, transformarea conflictelor și promovarea drepturilor omului prin creșterea informațiilor și a conștientizării prin analize orientate spre soluții, sociale, politice și economice.",Social,Non-guvernamentală,Mare,Mare,Mare,Pentru tineri,Local,https://patrir.ro/
29,Alianța Națională a Organizațiilor Studențești din România,"ANOSR, Alianța Națională a Organizațiilor Studențești din România, este o federație studențească neguvernamentală și non-partizană. Este prima și cea mai semnificativă federație din România, reunind organizații tradiționale de studenți stabiliți după revoluție. ANOSR este recunoscut și susținut de diverse organizații din societatea civilă, comunitatea academică, mass -media și chiar Ministerul Educației Naționale. În prezent, ANOSR are un membru al 115 organizații studențești din 19 centre universitare și 31 de universități din România.",Educație,Non-guvernamentală,Mare,Mare,Mică,Pentru tineri,Național,https://anosr.ro/
30,Clinica Universitară De Psihologie Babeș-Bolyai Psytech,"Clinica PsyTech a fost considerată un centru de excelență, care va reuni cei mai buni profesioniști din domeniu, instruiți la standarde internaționale, va oferi cele mai avansate servicii psihologice și va stabili standardele de practică psihologică în Cluj-Napoca și România în general.",Sănătate,Cercetare & academică,Mare,Mică,Mare,Pentru tineri,Național,http://clinicadepsihologie.psiedu.ubbcluj.ro/
31,Sănătate Mintală pentru România,"Ei vor să crească conștientizarea sănătății mintale și să lupte împotriva stigmatului împotriva condițiilor de sănătate mintală, în primul rând prin educarea tinerilor. De asemenea, doresc să îmbunătățească accesul la serviciile de sănătate mintală pentru cât mai multe persoane și să creeze o comunitate centrată în jurul înțelegerii și sprijinului reciproc.",Social,Non-guvernamentală,Mare,Mică,Mare,Pentru tineri,Național,https://mentalhealthforromania.org/en/home/
32,Asociatia Umanitara Concordia,"Aceștia coordonează și implementează proiecte sociale și intervin în comunitățile sărace pentru a ajuta cei care trăiesc acolo să construiască noi povești de viață. Prin case de familie, centre de îngrijire de zi, case de familie pentru copii, școli și locuințe sociale, ajută copiii și tinerii să -și recapete încrederea, să se dezvolte și să înceapă pe o nouă cale spre o viață independentă.",Social,Non-guvernamentală,Mare,Mare,Mare,Pentru tineri,EU,https://www.concordia.org.ro/
33,Coalitia pentru Educatie,"Coaliția pentru educație este o federație care a fost înființată în 2015 de ONG -uri care sunt active în domeniu. Scopul său este de a combina energiile și resursele pentru a obține o viziune îndrăzneață a învățării în România. Federația a fost creată de un grup de neguvernamental cu peste zece ani de experiență în domeniu și a beneficiat mii de oameni la diferite niveluri de educație, inclusiv preșcolari, studenți, educatori și părinți.",Educație,Non-guvernamentală,Mic,Mică,Mare,Pentru tineri,Național,http://coalitiaedu.ro/
34,AIESEC,"AIESEC este o platformă globală pentru tineri să -și exploreze și să -și dezvolte potențialul de conducere. Sunt o organizație non-politică, independentă, fără scop lucrativ, condusă de studenți și absolvenți recenți ai instituțiilor de învățământ superior. Membrii săi sunt interesați de problemele mondiale, de conducere și management.",Tineri,Non-guvernamentală,Mic,Mică,Mică,Lideri tineri,Global,https://aiesec.org/
35,Academia ThinkUp,"Academia este o inițiativă condusă de studenți, care îi sprijină și îi îndrumă pe tinerii antreprenori sociali în dezvoltarea și implementarea proiectelor lor. Ei colaborează cu școlile, instituțiile și organizațiile din România și din întreaga lume pentru a încuraja implicarea elevilor în comunitățile lor. Serviciile lor sunt gratuite și își propun să ghideze și să sprijine studenții pe parcursul proiectelor lor.",Tineri,Non-guvernamentală,Mic,Mică,Mică,Lideri tineri,Național,https://think-up.academy/en/
36,Uniunea Națională a Studenților din România,"Este o federație națională a studenților care reprezintă, apără și luptă pentru sistemul de învățământ superior din România pentru studenții români și viitorul lor.",Tineri,Non-guvernamentală,Mic,Mică,Mică,Lideri tineri,Național,https://unsr.ro/
37,Asociația Young Roma Maramureș,"Asociația Tineri Roma Maramureș este o organizație de tineri romi implicați în dezvoltarea comunităților defavorizate, în special a romilor, preocupată de creșterea accesului la educație pentru a -și îmbunătăți condițiile de viață.",Tineri,Non-guvernamentală,Mare,Mică,Mare,Lideri tineri,Regional,https://www.facebook.com/YoungRomaMaramures/
38,Grupul PONT,"PONT Group este o organizație care propune inovația socială prin participare, antreprenoriat și cultură, cu un accent deosebit pe tineri și digitalizare. Grupul Pont își desfășoară activitatea prin programe cadru și proiecte specifice prin parteneriate intersectoriale și multidisciplinare la nivel local, regional, național și european.",Tineri,Non-guvernamentală,Mare,Mică,Mare,Pentru tineri,Național,https://ro.pontgroup.org/
39,Centru Filia,"Filia este o organizație feministă care face ca vocile femeilor să fie auzite prin munca directă în comunități, advocacy, activism și informare, cercetare și analiză.",Social,Non-guvernamentală,Mare,Mare,Mare,Pentru tineri,Național,https://centrulfilia.ro/
40,Centrul de Educație C-EDU,"Centrul de educație C-EDU este o inițiativă ecosistemică care oferă o platformă pentru dialog și colaborare între jucătorii cheie în educația formală. Scopul său este de a sprijini tinerii în dezvoltarea lor profesională prin îmbunătățirea mediului de învățare și promovarea învățării pe tot parcursul vieții. C-Edu favorizează o relație de dialog și colaborare între educatori, comunitatea de afaceri și comunitatea mai largă pentru a atinge aceste obiective.",Educație,Non-guvernamentală,Mare,Mică,Mică,Pentru tineri,Național,https://c-edu.ro/
41,Wello,"Platformele AI ale Wello își propun să fie un însoțitor pentru părinți și copii, oferind informații nutriționale exacte.",Sănătate,Non-guvernamentală,Mare,Mică,Mare,Pentru tineri,Național,https://wello.ai/ro
42,Centrul Cultural Cluj,"Centrul Cultural Cluj este o organizație de cultură neguvernamentală și dezvoltare durabilă. Centrul gestionează programe pentru dezvoltarea sectorului cultural și creșterea impactului culturii în societate în educație, sănătate, bunăstare și dezvoltare urbană și rurală.",Artă,Non-guvernamentală,Mare,Mică,Mare,Pentru tineri,Regional,https://cccluj.ro/
43,Educație pentru România,"Învățarea pentru România este o organizație neguvernamentală care recrutează și antrenează oameni valoroși pentru a deveni profesori și educatori în școlile publice din România, începând de la cele mai provocatoare comunități. La Teach for România, credem că fiecare copil din România are dreptul să aibă o educație de calitate.",Educație,Non-guvernamentală,Mare,Mare,Mare,Pentru tineri,Național,https://faradiscriminare.ro/inscrie-te-la-consultarile-publice-privind-discriminarea-si-segregarea-scolara-evenimentul-se-desfasoara-in-opt-judete-ale-tarii/
44,Lideri Români de Afaceri,"Liderii de afaceri românești este locul în care s -au născut în ultimii ani, proiecte cu un impact semnificativ asupra societății românești, cum ar fi repatriotul, Merito, vreau să fiu antreprenor, SuperTeach, Antreprenoriat, Scaleout, Antreprenoriat și Instruire pentru viitor.",Social,Non-guvernamentală,Mic,Mare,Mică,Pentru tineri,Național,https://www.rbls.ro/
45,Centru Rațiu pentru Democrație,"Centrul de democrație Rațiu este o organizație neguvernamentală înființată la Turda în 2004 pentru a continua angajamentul moștenirii și pe viață față de democrația lui Ion Rațiu (1917-2000), concentrându-se în prezent pe educația juridică și participarea tinerilor. Este situat în vechiul centru al orașului, în compusul Rațiu, fosta reședință a familiei, cu o colecție de clădiri istorice.",Social,Non-guvernamentală,Mic,Mică,Mică,Pentru tineri,EU,https://ratiucentre.com/
46,Inspectoratul Școlar Județean Cluj,"Inspectoratul școlar al județului Cluj este o organizație complexă și modernă, care își propune să dezvolte la nivelul județului un sistem de formare educațional atractiv, inovator, accesibil, flexibil și relevant despre cerințele mediului socio-economic, cultural și sportiv.",Educație,Cercetare & academică,Mic,Mare,Mică,Pentru tineri,Local,https://www.isjcj.ro/
47,Asociația pentru Valori în Educație (AVE),Vor să ajute oamenii și organizațiile să creeze succes prin educație. Facilitează implicarea companiilor private și a societății civile în România în inițiative cu un impact transformațional asupra sistemului de învățământ.,Educație,Non-guvernamentală,Mare,Mică,Mare,Pentru tineri,Național,https://ave-romania.ro/
48,Primăria Municipiului Cluj-Napoca,"Primăria Cluj-Napoca este sediul guvernului pentru Cluj-Napoca, România.",Politic,Publică,Mare,Mare,Mică,Pentru tineri,Local,https://primariaclujnapoca.ro/
49,Asociația Mușatinii Roman,"Misiunea lor este de a contribui la dezvoltarea comunității locale prin acțiuni coordonate de tineri, dar care implică toate grupele de vârstă.",Tineri,Non-guvernamentală,Mic,Mică,Mică,Pentru tineri,Național,https://musatinii.wordpress.com/
50,Consiliul Județean Cluj,,Politic,Publică,Mic,Mare,Mică,Pentru tineri,Local,https://primariaclujnapoca.ro/consiliu-local/
51,Academia de Muzică Gheorghe Dima,"Academia Națională de Muzică Gheorghe Dima este o instituție de învățământ din Cluj-Napoca, România. Instituția a fost fondată în 1919 și cuprinde diverse departamente, inclusiv compoziție, dirijare, muzicologie, pedagogie muzicală, canto, pedagogie coregrafică și operă.",Educație,Privată,Mare,Mică,Mică,Pentru tineri,Local,https://anmgdblog.ro/
52,Asociația Tineri UN România,Scopul ONU TINERETUL ROMANIA este de a promova valorile ONU în societatea românească.,Tineri,Non-guvernamentală,Mic,Mică,Mică,Lideri tineri,Național,https://www.facebook.com/UNYouthRomania/?locale=ro_RO
53,Uniunea Studenților din România,"Uniunea studenților români este una dintre cele mai mari federații studențești din țară, reunind aproximativ 118 organizații din 16 centre universitare.",Tineri,Non-guvernamentală,Mic,Mare,Mică,Lideri tineri,Național,https://uniunea-studentilor.ro/?fbclid=IwAR0OKOivIFLvHIzADXDPbW9k90dOZV7hydjVfcPgzlWsOPaHz-r8TTtz1jA
54,Consiliul Național al Elevilor,"Consiliul Național al Studenților este o structură independentă care menține o poziție neutră față de orice cult religios, asociere religioasă, partid sau formare politică, acționând exclusiv în interesul studenților. Este o structură formată din studenți, pentru studenți.",Tineri,Non-guvernamentală,Mare,Mare,Mică,Lideri tineri,Național,https://consiliulelevilor.ro/?fbclid=IwAR2mqv7nRo7NFQvquWJe4-va_7i2snIOnehxDUCOx0UzoL9NYe_Ec7Crld0
55,Universitatea Iuliu Hațiganu pentru Medicină și Farmacie,Universitatea de Medicină și Farmacie „Iuliu Hațieganu” este cea mai veche instituție de educație medicală Transilvania.,Educație,Cercetare & academică,Mic,Mare,Mare,Pentru tineri,Local,http://old.umfcluj.ro/educatie-ro/admitere-ro/licenta-ro/itemlist/category/236-ghidadm2023
56,Universitatea de Științe Agriculture și Medicină Veterinară din Cluj-Napoca,"USAMV CLUJ-NAPOCA este o instituție academică de educație și cercetare, care acoperă un spectru larg de specializări în domenii specifice agriculturii, horticulturii, creșterea animalelor, biotehnologii, medicină veterinară, biologie, inginerie de mediu, cadastre, silvicultură, inginerie alimentară.",Educație,Cercetare & academică,Mic,Mică,Mică,Pentru tineri,Local,https://www.usamvcluj.ro/
57,Universitatea Tehnică din Cluj-Napoca,"Universitatea Tehnică din Cluj-Napoca cuprinde douăsprezece facultăți din două centre universitare, Cluj-Napoca și Baia Mare. Oferta educațională, organizată în sistemul Bologna, include programe de licență, master și doctorat și programe de educație continuă.",Educație,Cercetare & academică,Mic,Mare,Mică,Pentru tineri,Local,https://www.utcluj.ro/
58,Itsy Bitsy,"ITISI BITSY este un post de radio (cu un site web) care conține subiecte de interes pentru părinții copiilor cu vârste între 0-12 ani, din România.",Părinți,Media,Mare,Mare,Mare,Pentru tineri,Național,https://www.itsybitsy.ro/
59,Asociatia OvidiuRo,Misiunea Asociației OvidiuRo este de a face educația preșcolară accesibilă și eficientă pentru toți copiii din România.,Educație,Non-guvernamentală,Mare,Mare,Mare,Pentru tineri,Național,https://www.ovid.ro/
60,Asociația Reality Check,"Reality Check a fost înființată de un grup de oameni cu experiențe diverse în non-profit, afaceri, cercetare și administrație publică, care au o înțelegere profundă a realităților românești și au lucrat împreună în diferite contexte pentru a reduce sărăcia și a crește eficacitatea administrației publice.",Social,Non-guvernamentală,Mare,Mare,Mare,Pentru tineri,Național,https://www.realitycheck.ro/?lang=en
61,Dragoste Desculță,"Asociația Dragoste Desculță derulează proiecte în domeniul social care vizează acțiuni precum colectarea lemnului de foc, construirea unei case și cumpărarea de consumabile, toate pentru persoanele cu venituri mici.",Social,Non-guvernamentală,Mare,Mică,Mare,Pentru tineri,Regional,https://dragostedesculta.ro/
62,"Ministerul pentru Familie, Tineri și Șanse Egale","Ministerul efectuează politicile corelate cu politicile europene și internaționale în următoarele domenii: familie și demografie, tineret, protecția drepturilor și adopției copiilor, violența în familie și oportunitățile egale pentru femei și bărbați.",Politic,Publică,Mic,Mare,Mică,Pentru tineri,Național,https://mfamilie.gov.ro/1/
63,Consiliul Tineretului din România ,"CTR reprezintă tineri și organizații de tineret din România în procesele de luare a deciziilor naționale și internaționale și susține participarea directă la aceste procese și la nivel local și instituțional/organizațional, precum și creșterea capacității tinerilor și a organizațiilor lor de a influența comunitățile Ei trăiesc.",Tineri,Non-guvernamentală,Mare,Mare,Mică,Lideri tineri,Național,https://ctr.ro/en/homepage/
64,Consiliul Economic și Social ,"Consiliul economic și social are un rol consultativ în stabilirea strategiei și politicii economice și sociale a țării, atenuarea litigiilor între partenerii sociali la nivel național și realizarea, promovarea și dezvoltarea dialogului social și solidarității.",Politic,Publică,Mare,Mare,Mare,Impact indirect,Național,https://www.ces.ro/consiliul-economic-si-social/ro/1
65,Asociația ALEG,"Misiunea lor este de a ajuta oamenii să trăiască fără abuz și violență. Oferă fetelor și femeilor sprijinul de care au nevoie pentru a -și găsi puterea interioară pentru a depăși violența. Promovează egalitatea de gen, ceea ce înseamnă relații de putere echilibrate între femei și bărbați din familie și societate.",Sănătate,Non-guvernamentală,Mare,Mică,Mare,Pentru tineri,Național,https://www.facebook.com/alegromania/?locale=ro_RO
66,Cognosis,Cognosis este Federația Româniană care include organizații studențești în psihologie.,Tineri,Non-guvernamentală,Mare,Mică,Mare,Lideri tineri,Național,https://cognosis.ro/
67,Centrul Affinity,,Sănătate,Privată,Mare,Mică,Mare,Pentru tineri,Local,https://www.affinitycluj.com/?team=amfiana-botez
68,Educație Mintală,,Sănătate,Privată,Mare,Mică,Mare,Pentru tineri,Local,https://mental-training.ro/
69,Terra-Pi,,Sănătate,Privată,Mare,Mică,Mare,Pentru tineri,Local,https://terra-pi.ro/
70,Terapia Reflect,,Sănătate,Privată,Mare,Mică,Mare,Pentru tineri,Local,https://www.reflect-therapy.ro/
71,Psi8imal,"Acestea oferă psihoterapie, experiențe de învățare și oportunitatea de a -ți consolida sănătatea mintală. Echipa lor este formată din oameni cu interese diverse, gata pentru orice provocare.",Sănătate,Privată,Mare,Mică,Mare,Pentru tineri,Local,https://psi8imal.ro/
72,Med Anima,Este un centru medical dedicat afecțiunilor neuropsihiatrice din România și un promotor al inovațiilor și cercetării în domeniu.,Sănătate,Privată,Mare,Mică,Mare,,Național,https://medanima.ro/servicii/psihoterapie-on-line-iasi?gclid=Cj0KCQjwsIejBhDOARIsANYqkD23fqkEfTzU0RWT0SyjIjQEeu_tUYCLZWSttUXIa67PReEeIhurKr8aAmLsEALw_wcB
73,Clinica Hope,"Clinica Hope, prezentă în mai multe orașe din țară, oferă servicii integrate de sănătate mintală pentru întreaga familie.",Sănătate,Privată,Mare,Mică,Mare,,Național,https://clinica-hope.ro/psihoterapie/?gclid=Cj0KCQjwsIejBhDOARIsANYqkD232mmUwJ-H9eunbV1t07j9ma4NIQsCXXRugIeKk56et1q3sI9PiT4aAieCEALw_wcB
74,Asociația de Pshihoterapie Integrativă și Psihologie Clinică,"Asociația pentru Pshihoterapie Integrativă și Psihologie Clinică (APIPC) își propune să promoveze „integrarea” în psihoterapie, să faciliteze comunicarea internațională între psihoterapeuții profesioniști care folosesc conceptele de psihoterapie integrativă și organizează cursuri de formare în domeniile vizate.",Sănătate,Non-guvernamentală,Mare,Mare,Mare,Impact indirect,Național,https://www.apipc.ro/
75,Clinica Psihologie Eleven,"Clinica Eleven, din Iași, oferă servicii complete de psihologie clinică, consiliere psihologică și psihoterapie pentru sănătatea mintală.",Sănătate,Privată,Mare,Mică,Mare,,Local,https://eleven-clinic.com/
76,PsihoHelp,PsihoHelp este o clinică de asistență psihologică din București care oferă servicii de psihoterapie online.,Sănătate,Privată,Mare,Mică,Mare,Pentru tineri,Național,https://psihohelp.ro/
77,Realist Dreamer,Realist Dreamer este un centru de servicii psihologice și instruire în IAși. Visătorul realist subliniază învățarea prin fapte și experiențe științifice și vrea să crească o comunitate frumoasă de căutători curioși/echilibrați din jurul său.,Sănătate,Privată,Mare,Mică,Mare,Pentru tineri,Național,https://psychologycenter.ro/despre
78,ArtiViStory,"Sunt o comunitate de artiști, curatori, cercetători și alți profesioniști din zonele interdisciplinare care lucrează împreună pentru implicare socială. Ei se exprimă prin benzi desenate, arta secvențială și alte forme sau discursuri contemporane implicate social.",Artă,Privată,Mare,Mică,Mare,Pentru tineri,Național,https://www.artivistory.com/
79,Asociaţia Studenţilor Universităţii de Artă şi Design Cluj-Napoca,"Obiectivele asociației sunt de a apăra drepturile studenților de la Universitatea de Artă și Design Cluj-Napoca și de a promova studenții prin evenimente artistice, culturale, științifice și de divertisment.",Educație,Non-guvernamentală,Mic,Mică,Mică,Lideri tineri,Local,https://www.facebook.com/ASUADCN/
80,Linnify,Linnify oferă oamenilor o suită completă de servicii digitale pentru a obține succesul pe piață al ideii lor.,Altul,Privată,Mare,Mică,Mare,Impact indirect,Național,https://www.linnify.com/
81,Universitatea Alexandru Ioan Cuza Iasi,Universitatea „Alexandru Ioan Cuza” din Iași este cea mai veche instituție de învățământ superior din România.,Educație,Cercetare & academică,Mic,Mare,Mare,Pentru tineri,Regional,https://www.uaic.ro/
82,Universitatea din Bucuresti,"Universitatea din București a fost clasată ca una dintre cele mai prestigioase universități din România și sud-estul Europei, câștigând o reputație națională și internațională solidă. Astăzi, Universitatea din București are aproape 32.000 de studenți și 1.300 de academicieni deținuți.",Educație,Cercetare & academică,Mare,Mare,Mare,Pentru tineri,Regional,https://unibuc.ro/
83,Clinica Alegria,"Clinica Alegria oferă servicii de psihiatrie și psihoterapie deplină și programe de dezvoltare personală plătită. Totuși, casa de asigurări de sănătate o acoperă și ea.",Sănătate,Privată,Mare,Mică,Mare,Pentru tineri,Local,https://clinicaalegria.ro/
84,Clinica Nice,Nice Clinic oferă o procedură medicală accesibilă și confortabilă prin consultări psihiatrice online și psihoterapie. Misiunea lor este de a ajuta oamenii prin îmbunătățirea calității vieții lor prin cele mai bune soluții medicale actuale.,Sănătate,Privată,Mare,Mică,Mare,Pentru tineri,Local,https://psihiatrice.ro/
85,Centrul Medical Bellanima,"Bellanima oferă astăzi clienților săi experiența și cunoștințele unei echipe de specialiști în psihologie clinică, psihoterapie și psihiatrie pentru a diagnostica și trata o gamă largă de tulburări și probleme mintale.",Sănătate,Privată,Mare,Mică,Mare,Pentru tineri,Local,https://www.bellanima.ro/
86,Clinica The Mind,The Mind este o clinică din București care oferă numeroase servicii în domeniul terapiei.,Sănătate,Privată,Mare,Mică,Mare,Pentru tineri,Local,https://www.themind.ro/
87,Clinica Renia,"Clinica Renia oferă acces la psihoterapeuți cu pregătire minuțioasă și mulți ani de experiență. Misiunea lor este de a face o schimbare reală, vizibilă în viața oamenilor, învățându -i să facă față provocărilor și schimbărilor inevitabile.",Sănătate,Privată,Mare,Mică,Mare,Pentru tineri,Local,https://clinicarenia.ro/
88,Clinica Psy For You,"Echipa Psy for You cuprinde specialiști în psihoterapie care folosesc abordări terapeutice diferite, cu multe ore de practică în birourile lor. Sunt competenți să găsească cele mai eficiente, adaptate și actuale soluții și tratamente pentru fiecare individ.",Sănătate,Privată,Mare,Mică,Mare,Pentru tineri,Local,https://psyforyou.ro/
89,Centrul Maze,Maze este un centru pentru psihologie și psihoterapie cu birouri în Iași și București.,Sănătate,Privată,Mare,Mică,Mare,Pentru tineri,Regional,https://mazecenter.ro/
90,Centrul de Psihoterapie IPSI,Centrul IPSI facilitează creșterea partenerilor săi oferind programe pentru dezvoltarea personală și prevenirea tulburărilor afective și psihosomatice ale angajaților.,Sănătate,Privată,Mare,Mică,Mare,Pentru tineri,Local,https://ipsi.ro/
91,Clinica de Psihoterapie Oana Nicolau,"La clinica Oana Nicolau, parte a Rețeaua Regina Maria, o echipă de peste 70 de psihoterapeuți experimentați, certificate și instruite în mai multe tipuri de psihoterapie - pe termen scurt și lung - vă poate ajuta să faceți o schimbare pozitivă în viața voastră.",Sănătate,Privată,Mare,Mare,Mare,Pentru tineri,Național,https://www.reginamaria.ro/clinici/clinica-de-psihoterapie-oana-nicolau
92,Clinica Nine,"Nine Clinic este o clinică de psihoterapie a cărei echipă cuprinde specialiști în psihologie și în domeniul sănătății mintale, cu o experiență vastă în sectoarele publice, de cercetare/academice și private.",Sănătate,Privată,Mare,Mică,Mare,Pentru tineri,Local,https://clinica9.ro/
93,Asociația Gutenberg,Asociația Gutenberg este singura organizație de studenți din România dedicată studenților de limbă germană.,Tineri,Non-guvernamentală,Mare,Mică,Mare,Lideri tineri,Național,https://gutenberg.ro/
94,Asociația În Dialog,,Sănătate,Non-guvernamentală,Mare,Mare,Mare,Pentru tineri,Regional,http://www.indialog.org/
95,Asociația Life-Learning Education,Organizează și promovează proiecte de formare a abilităților de viață.,Educație,Non-guvernamentală,Mare,Mare,Mare,Impact indirect,Național,https://lifelearning.ro/
96,Universitatea din Bucuresti - Facultatea de Psihologie și Științele Educației,"Facultatea de psihologie și științele educației Universității din București este o instituție foarte apreciată. Acesta cuprinde cinci departamente: psihologie, științe educaționale, educație cu nevoi speciale, instruire pentru profesori (pentru viitorii profesori de grădiniță/școală primară) și formare continuă (pentru profesorii de învățământ secundar actual). În plus, facultatea are o școală de doctorat.",Educație,Cercetare & academică,Mare,Mare,Mare,Impact indirect,Național,https://fpse.unibuc.ro/
97,Institutul Național pentru Managementul Serviciilor de Sănătate,,Sănătate,Publică,Mic,Mică,Mare,Impact indirect,Național,www.inmss.ro
98,Centrul Judeţean de Resurse şi de Asistenţă Educaţională Galaţi,,Educație,Publică,Mic,Mică,Mică,Pentru tineri,Regional,https://www.cjrae-galati.ro/
99,Casa de Tranziție,"La Casa Tranzit, persoanelor tinere din orfelinate li se acordă atenție individuală pe baza nevoilor și abilităților lor specifice. Aceștia primesc instruire în gestionarea bugetului personal, pregătirea alimentelor și achizițiile, responsabilitatea civică, interacțiunea la locul de muncă, soluționarea conflictelor și confruntarea cu adversitatea, printre alte abilități care îi echipează pentru o viață prosperă și independentă.",Social,Non-guvernamentală,Mare,Mică,Mare,Pentru tineri,Local,https://asociatiafavor.org/activitati/casa-de-tranzitie/
100,Reactor Cluj,,Artă,Non-guvernamentală,Mare,Mică,Mică,Impact indirect,Local,https://reactor-cluj.com/en/home-page/
101,Asociația Studenților Psihologi din România,"Asociația își propune să reprezinte, să sprijine și să ghideze studenții Facultății de Psihologie și Științe Educaționale din UBB. Scopul lor este de a construi un mediu sigur în care elevii se pot dezvolta personal și profesional, învățând mai multe despre domeniile de care sunt pasionați.",Tineri,Non-guvernamentală,Mare,Mică,Mică,Lideri tineri,Local,https://www.facebook.com/asprcluj/
102,Consiliul Judetean al Elevilor Cluj,"Misiunea Consiliului Județean al Studenților CLUJ este definită de angajamentul de a reprezenta studenții din județ și de a -și apăra drepturile, obligațiile și libertățile în mod responsabil, potrivit documentului de reglementare „statUtul elevului” în vigoare.",Tineri,Non-guvernamentală,Mare,Mică,Mică,Lideri tineri,Local,https://cjecluj.ro/
103,Asociaţia de Dezvoltare Intercomunitară Zona Metropolitană Cluj,"Asociația de Dezvoltare a Intercomunității Cluj Zona metropolitană (ADIZMC) vizează aspecte precum: Dezvoltarea și modernizarea infrastructurii de transport; protejarea și îmbunătățirea calității mediului; dezvoltarea resurselor umane, creșterea ocupării forței de muncă și combaterea excluderii sociale; dezvoltarea economiei rurale și creșterea productivității în sectorul agricol;",Social,Publică,Mare,Mică,Mare,,Local,http://www.adizmc.ro/
104,Direcția de Asistență Socială și Medicală,"Departamentul de Asistență Socială și Medicală CLUJ își propune să asigure accesul la servicii sociale și medicale de calitate pentru cetățenii din Cluj, indiferent de situația lor financiară sau socială. Instituția se concentrează pe protejarea și susținerea grupurilor vulnerabile, cum ar fi persoanele cu dizabilități, copii și tineri, persoane în vârstă și familii cu dificultate.",Sănătate,Publică,Mic,Mică,Mică,Impact indirect,Local,http://dasmclujnapoca.ro/
105,Federaţia Asociaţiilor Studenţilor în Medicină,"FASMR - Federația asociațiilor studenților medicali din România este o organizație democratică federală, independentă, neguvernamentală și apolitică, reprezentând interese profesionale, științifice, sociale și culturale ale studenților medicali. FASMR este un membru complet al IFMSA (Federația Internațională a Asociațiilor Studenților Medicali).",Tineri,Non-guvernamentală,Mic,Mică,Mică,Youth organizations,Național,https://fasmr.ro/descriere/
106,Organizaţia Studenţilor din UBB,"OSUBB is the University organization that has contact with students from all the faculties of UBB, both through the openness offered by the unconditional access to the faculties of UBB and through its communication network with these students, through Facebook groups, the Facebook page, of the site și voluntari de la toate facultățile UBB.",Tineri,Non-guvernamentală,Mare,Mică,Mică,Lideri tineri,Local,https://osubb.ro/
107,Organizația Studenților din Universitatea Tehnică Cluj,"Organizarea studenților a Universității Tehnice Cluj-Napoca (OSUT) este o organizație non-profit cu membrii activității civice ale ANOSR. OSUT reprezintă și apără drepturile studenților de la Universitatea Tehnică din Cluj-Napoca, contribuind la nevoile lor educaționale, sociale și culturale.",Tineri,Non-guvernamentală,Mic,Mică,Mică,Lideri tineri,Local,https://osut.org/
108,Federația Organizațiilor Neguvernamentale de Tineret din Iași,"Federația Organizațiilor Neguvernamentale de Tineret din Iași - Fontis este structura reprezentativă a tineretului din județul Iași. În prezent, fontisul numără 33 de structuri de și pentru tineri din județ, împreună cu care își propune să dezvolte prima strategie de tineret a IAși, să investească în capacitatea sectorului neguvernamental de tineret și să contribuie la dezvoltarea în mod activ al comunității .",Tineri,Non-guvernamentală,Mare,Mare,Mare,Pentru tineri,Local,https://fontis.ro/
109,Make up your business,,Altul,Privată,Mare,Mică,Mică,Impact indirect,Local,https://www.facebook.com/people/Make-up-your-business/100068030153339/?locale=ro_RO
110,Coaching Partners,"Misiunea lor este de a crește performanța individuală și organizațională prin coaching. Aceștia susțin pregătirea profesioniștilor de coaching, care pot cataliza schimbarea asumată.",Educație,Privată,Mare,Mare,Mare,Impact indirect,Național,https://www.coachingpartners.ro/
111,Paradis College,Colegiul Internațional Paradis este cel mai mare liceu privat din regiunea Moldova.,Educație,Privată,Mare,Mică,Mică,Pentru tineri,Regional,https://paradis-college.ro/
112,Asociatia Română de Literație,"Misiunea Asociației Române de Literație este de a dezvolta, promova și susține programe și proiecte educaționale care îmbunătățesc și dezvoltă servicii academice oferite de instituțiile de învățământ pentru copii, tineri și adulți din România și din străinătate.",Educație,Non-guvernamentală,Mare,Mare,Mare,Impact indirect,Național,https://www.arlromania.ro/
113,Medlife,MedLife este o companie care oferă servicii medicale în România.,Sănătate,Privată,Mare,Mică,Mare,Impact indirect,Local,https://www.medlife.ro/
114,Cabinet Dr. Zoitanu Raluca,,Sănătate,Privată,Mare,Mică,Mică,Impact indirect,Local,
115,Asociatia Medicilor de Familie București,"Asociația Medicilor de Familie din București își propune să dezvolte și să afirme specialitatea medicinei de familie și să reprezinte, să sprijine și să protejeze interesele membrilor săi în toate sferele de activitate și, prin toate mijloacele permise de lege.",Sănătate,Non-guvernamentală,Mare,Mare,Mică,Impact indirect,Local,https://amf-b.ro/
116,Medsana,,Sănătate,Privată,Mic,Mică,Mică,Impact indirect,Local,
117,Centrul Eka,"Centrul EKA este primul centru cu servicii de psihoterapie, bunăstare și dezvoltare personală integrată din România, disponibilă sub același acoperiș.",Sănătate,Privată,Mare,Mică,Mare,Impact indirect,Regional,https://centruleka.com/
118,Cabinet Dr. Catalina Dumitrescu,,Sănătate,Privată,Mare,Mică,Mare,Pentru tineri,EU,http://www.catalinadumitrescu.eu/
119,Penitenciarul Vaslui,,Social,Publică,Mare,Mică,Mare,Pentru tineri,Local,https://anp.gov.ro/penitenciarul-vaslui/
120,Spitalul Providența,,Religie,Privată,Mare,Mică,Mare,Impact indirect,Local,https://providentamedical.ro/spitalul-providenta
121,Centrul Sport,,Sport,Privată,Mare,Mică,Mare,Impact indirect,Național,https://sports-hub.ro/
122,Liga Națională de Baschet Masculin,,Sport,Non-guvernamentală,Mic,Mică,Mică,Impact indirect,Național,
123,Regina Maria,"Rețeaua de Sănătate Regina Maria oferă spitalizare și intervenție chirurgicală completă, maternitate, policlinică, imagistică, laborator și servicii de depozitare a celulelor stem pentru mai mult de 5 milioane de pacienți.",Sănătate,Privată,Mare,Mare,Mare,Impact indirect,Național,https://www.reginamaria.ro/
124,Fundația Regală Margareta a României,"În comunitățile vulnerabile din întreaga România, Fundația Regală Margareta din România oferă beneficiarilor săi instrumentele și cunoștințele pentru a se ajuta. Oferă ajutor individualizat copiilor, persoanelor în vârstă și familiilor în crize și sprijinim comunitățile în identificarea resurselor lor pentru a rezolva problemele cu care se confruntă.",Social,Filantropică,Mare,Mare,Mare,Pentru tineri,Național,https://www.frmr.ro/donationline/?gclid=Cj0KCQjwuZGnBhD1ARIsACxbAVhiRlZ-EFofzOKX19gpjEMzm6-NE4nTR1QhAETjChCWEZjyD-445UYaAmN5EALw_wcB
125,Ministerul Educației,"Ministerul Educației este corpul guvernului României care coordonează sistemul de învățământ din România și stabilește obiectivele sistemului de învățământ în ansamblu, precum și obiectivele educaționale pe niveluri și profiluri de educație.",Politic,Publică,Mic,Mare,Mare,Impact indirect,Național,https://www.edu.ro/
126,"Universitatea ""Ștefan cel Mare"" Suceava","USV este o instituție publică a învățământului superior care este inovatoare și complexă. Oferă programe de studii universitare de licență, master, doctorat și post-doctorat. Conduce cercetări științifice în științe economice, științe tehnice, inginerie și IT, științe naturale, umanități și sănătate.",Educație,Cercetare & academică,Mare,Mică,Mare,Pentru tineri,Local,https://usv.ro/
127,SOS Satul Copiilor București,"Sunt o organizație neguvernamentală, cu misiunea de a oferi o familie copiilor care au rămas fără sprijinul părinților și de a-i susține și proteja pe cei cu risc de a-l pierde.",Tineri,Non-guvernamentală,Mare,Mică,Mare,Pentru tineri,Regional,https://www.sos-satelecopiilor.ro/?gclid=Cj0KCQjwuZGnBhD1ARIsACxbAVhVdz4uRAYfpbhwpu0meCzXIIe_MuNmcw-PoEL0skIaQhny4yNw-yoaAlJ6EALw_wcB
128,Centrul Național De Politici Și Evaluare În Educație,"Unitatea de cercetare a educației își propune să contribuie activ la inovația în educație prin expertiză, formare, studii și cercetări. Aceștia își propun să ofere sprijin științific pentru cele mai noi abordări educaționale pentru învățarea autentică, motivantă, activă și creativă.",Educație,Cercetare & academică,Mic,Mare,Mică,Impact indirect,Național,https://www.rocnee.eu/
129,Agenția Română de Asigurare a Calității în Învățământul Preuniversitar,"Instituția publică de interes național, sub coordonarea Ministerului Educației și Cercetării. Ele desfășoară activitatea de evaluare externă a calității educației (în vederea autorizării, acreditării, evaluării periodice și monitorizării) în educația pre-universitară;",Educație,Publică,Mic,Mare,Mică,Impact indirect,Național,https://aracip.eu/
130,Autoritatea Națională pentru Protecția Drepturilor Copilului și Adopție,Misiunea autorității naționale pentru protecția drepturilor și adopției copiilor (ANPDCA) este de a proteja și promova drepturile copiilor din România.,Tineri,Publică,Mare,Mare,Mare,Pentru tineri,Național,https://copii.gov.ro/1/
131,Agenția Națională Anti-drog,"Misiunea Agenției Naționale Anti-Drog este de a dezvolta, coordona, evalua și monitoriza, la nivel național, politici în domeniul prevenirii și combaterii traficului de droguri și consumului ilicit, precum și în domeniul asistenței integrate pentru consumatori, politicilor Aplicat de instituții cu atribuții în domeniu.",Sănătate,Publică,Mare,Mare,Mare,Pentru tineri,Național,https://ana.gov.ro/
132,Centrul Municipiului București De Resurse Și Asistenta Educaționala,"Centrul din București pentru Resurse Educaționale și Asistență supraveghează operațiunile centrului orașului București pentru Asistență Psiho-Pedagogică (CMBAP) și birouri conexe din oraș. Ei lucrează în colaborare cu centrele școlare pentru educație incluzivă pentru a oferi servicii educaționale specializate și, de asemenea, coordonează și evaluează serviciile de mediere școlară specializate.",Educație,Publică,Mic,Mică,Mică,Impact indirect,Regional,http://www.cmbrae.ro/2017/
133,Senatul Român,"Senatul Românian este una dintre cele două camere (bicamerale) ale Parlamentului Românian. La fel ca și cealaltă cameră, Camera Deputaților, Senatul este ales prin vot universal, liber, secret și direct de cetățenii care votează din România.",Politic,Publică,Mic,Mare,Mică,Impact indirect,Național,https://www.cdep.ro/pls/parlam/structura2015.mp?idm=4&leg=2020&cam=1
134,Cercetașii Români,"Cercetașii Români este principala organizație națională de cercetași din România. A fi cercetași permite tinerilor să participe la evenimente, activități, programe și proiecte care contribuie la creșterea lor ca cetățeni activi.",Tineri,Non-guvernamentală,Mare,Mică,Mare,Pentru tineri,Național,https://scout.ro/
135,Asociația CIVICA,Misiunea lor este de a crește puterea oamenilor din Iași de a controla schimbările din comunitate care le afectează viața prin proiecte care stimulează participarea publicului și contribuie la buna guvernare.,Altul,Non-guvernamentală,Mare,Mare,Mică,Impact indirect,Național,https://asociatiacivica.ro/
136,Fundația Comunitară Iași,"Scopul Fundației Comunității Iași este de a construi un viitor mai bun pentru Iași și întreaga regiune într -un mod durabil, încurajând bucuria actului de donare. Administrarea donațiilor primite de la oamenii din Iași asigură îndeplinirea obiectivelor donatorilor, oferind astfel membrilor comunității oportunități concrete de a participa, cataliza cele mai bune idei și susține programe de calitate.",Social,Non-guvernamentală,Mare,Mare,Mare,Impact indirect,Local,https://www.fundatiacomunitaraiasi.ro/
137,Fundația Bethany,Fundația pentru servicii sociale din Bethany Iași sprijină copiii cu dizabilități și tineri în dificultate.,Social,Non-guvernamentală,Mare,Mare,Mare,Pentru tineri,Local,https://bethany.ro/
138,Asociatia Nationala pentru Copii si Adulti cu AUTISM din Romania,ANCAAR apără interesele persoanelor cu autism și își promovează rezultatele în scopul integrării lor sociale reale.,Tineri,Non-guvernamentală,Mare,Mare,Mare,Pentru tineri,Național,https://www.ancaar-iasi.sctpiasi.ro/despre_proiect.html
139,Asociația Artipic,"Sunt o organizație neguvernamentală formată din membri activi pe scena industriilor creative Iași, naționale și chiar internaționale. Împreună, ei vor să facă diferența în societate prin artă și implicare civică",Social,Non-guvernamentală,Mare,Mică,Mare,Pentru tineri,Regional,https://artipic.net/
140,Consiliul Municipal al Elevilor București,Ele sunt cea mai reprezentativă structură a elevilor (nivel pre-universitar) din municipalitatea Bucureștii prin existența unor reprezentanți la fiecare nivel de liceu prin consiliul școlar al elevilor. Vorbim cu factorii de decizie despre problemele cu care se confruntă studenții și monitorizăm respectarea drepturilor colegilor noștri. Dezvoltăm tineri prin proiecte și evenimente dedicate îmbunătățirii abilităților profesionale și personale.,Educație,Non-guvernamentală,Mare,Mică,Mică,Lideri tineri,Local,https://cme-bucuresti.ro/
141,Fundația Motivation,,Social,Non-guvernamentală,Mare,Mare,Mare,Pentru tineri,Național,https://motivation.ro/
142,Asociația CLARO,,Social,Non-guvernamentală,Mare,Mică,Mare,Impact indirect,Național,https://claro.ro/
143,"Institutul National pentru Sanatatea Mamei si Copilului ""Alessandrescu-Rusescu""",,Sănătate,Privată,Mare,Mare,Mare,Impact indirect,Național,https://www.insmc.ro/
144,Mind Education,,Sănătate,Privată,Mare,Mică,Mare,Impact indirect,Național,https://mindeducation.ro/
145,Centrul de la Haga pentru inovare și emergență în guvernanța globală (THC),"Sunt o organizație și un colectiv co-creativ, care servește apariția unei umanități conștiente, armonioase. Ei inovează pentru guvernarea planetară centrată pe inimă, cu toate domeniile vieții, vizibile și invizibile.",Altul,Non-guvernamentală,Mare,Mică,Mare,Impact indirect,Global,https://www.thehaguecenter.org/
146,SuperTeach,"SuperTeach a fost creat pentru a stimula descoperirea și dezvoltarea măreției, talentului și potențialului la fiecare copil și a pornit de la ideea de a transforma mediul educațional, astfel încât acest obiectiv să fie atins pornind de la chiar motorul care dă viață acestui sistem: profesorii.",Educație,Non-guvernamentală,Mare,Mică,Mare,Impact indirect,Național,https://www.superteach.ro/
147,7 Pillars,7Pillars facilitează procesul de angajare prin construirea unei legături între candidatul de licitație și compania de angajare pentru a promova experiențele prin care nevoile ambelor părți sunt auzite și înțelese pentru a facilita accesul la resurse din ambele părți.,Muncă,Privată,Mare,Mică,Mare,Pentru tineri,Național,https://7pillars.ro/
148,Complex Hârja,"Asociația lor își desfășoară activitatea în douăsprezece centre sociale, dintre care trei sunt acreditate și autorizate: Centrul rezidențial pentru îngrijirea persoanelor în vârstă, Serviciul de îngrijire la domiciliu pentru persoanele în vârstă, Centrul de zi pentru copii St. Dionisie Exiguul, certificat pentru prevederi de psiho-socio-medical, recuperare și îngrijire de agrement.",Social,Non-guvernamentală,Mare,Mică,Mare,Pentru tineri,Regional,https://caminharja.ro/
149,Federatia ONG pentru copil,"FONPC este un avocat proeminent pentru drepturile copiilor. Ei lucrează îndeaproape cu oficialii guvernamentali, cu organizații internaționale neguvernamentale, și alte grupuri pentru a dezvolta și îmbunătăți politicile publice care promovează bunăstarea copiilor. Membrii FONPC sunt experimentați și cunoscuți în acest domeniu și își folosesc expertiza pentru a crea un cadru cuprinzător care respectă drepturile copiilor. Prin colaborarea cu diverse părți interesate, FONPC își propune să își atingă obiectivele și să se asigure că drepturile copiilor sunt respectate și protejate.",Tineri,Non-guvernamentală,Mare,Mare,Mare,Pentru tineri,Național,https://fonpc.ro/
150,Salvați Copii,"În prezent, se desfășoară proiecte care vizează cele trei priorități majore ale organizației: reducerea mortalității infantile, facilitarea accesului la educația de calitate pentru copiii din comunități vulnerabile și protejarea copiilor împotriva violenței, neglijării sau abuzurilor, inclusiv a celor rămași singuri acasă după migrația economică a părinților.",Social,Non-guvernamentală,Mare,Mare,Mare,Pentru tineri,Național,https://www.salvaticopiii.ro/
151,Fundația ESTUAR,Fundația Estuar a fost înființată în 1993 de Fundația Penumbra din Scoția și Liga Româniană pentru Sănătate Mintală pentru a oferi opțiuni sociale și alternative adulților cu probleme de sănătate mintală pentru includerea lor în comunitatea românească.,Social,Non-guvernamentală,Mare,Mare,Mare,Impact indirect,Național,https://www.estuar.org/
152,Fundația World Vision,"World Vision România oferă suport, educație, protecție și participare a copilului, dezvoltare economică rurală și servicii de mediere a muncii.",Social,Non-guvernamentală,Mare,Mare,Mare,Pentru tineri,Național,https://worldvision.ro/
153,AIDRom,"Aceștia își propun să promoveze includerea persoanelor marginalizate, să contribuie la reintegrarea socială a persoanelor cu risc ridicat, să asigure oportunități egale și să lupte împotriva traficului de persoane și discriminării. Acesta ajută la refugiații și migranții care doresc să se integreze în România și are un răspuns de urgență în caz de dezastre.",Religie,Non-guvernamentală,Mare,Mare,Mare,Impact indirect,Național,https://www.aidrom.ro/
154,Gifted School,"Aceștia își propun să ofere copilului mediul potrivit să se dezvolte, urmând abilitățile sale și personalizând procesul educațional. Școala română dotarată încearcă să educe caracterul copilului și să transmită cunoștințe cu aplicabilitate practică, nu doar teoretică.",Educație,Privată,Mare,Mică,Mică,Pentru tineri,Național,https://giftedschool.ro/
155,Casa Corpului Didactic a Municipiului Bucureşti,"Casa corpului didactic al municipiului Bucureștii își propune să favorizeze inovația și îmbunătățirea educației. Oferă sprijin pentru dezvoltarea instituțiilor de învățământ pre-universitate și promovează creșterea personală și profesională a personalului lor. Acest lucru se face în conformitate cu standardele de formare profesională și continuă, standarde de calitate și abilitățile profesionale și transversale necesare pentru avansarea carierei în domeniul predării. Casa se aliniază, de asemenea, cu politicile și strategiile naționale și europene pentru educație.",Educație,Publică,Mare,Mică,Mică,Impact indirect,Național,http://www.ccd-bucuresti.org/index.php/ro/
156,Agenţia Română de Asigurare a Calităţii în Învăţământul Superior,Misiunea ARACIS este de a efectua evaluarea externă de calitate a educației oferite de instituțiile de învățământ superior și alte organizații care oferă programe de studiu în învățământul superior.,Educație,Publică,Mic,Mică,Mică,Impact indirect,Național,https://www.aracis.ro/ebout-aracis/
157,Direcția Generală de Asistență Socială și Protecția Copilului Sector 6,"Direcția Generală a Sectorului de Asistență Socială și Protecția Copilului 6 efectuează nivelul de măsuri de asistență socială din sectorul 6 în protecția copilului, familie, persoane singure, persoane în vârstă, persoane cu dizabilități și orice persoane care au nevoie.",Social,Publică,Mare,Mare,Mare,Pentru tineri,Local,https://www.protectiacopilului6.ro/
158,Școala Cambridge din București,"Școala Cambridge din București (CSB) este o școală internațională britanică de peste mări (BSO) situată în București, România.",Educație,Privată,Mare,Mică,Mare,Pentru tineri,Local,https://www.cambridgeschool.ro/
159,Liceul Teoretic Internațional de Informatică București,"Liceul de informatică teoretică internațională Bucurească a fost înființat în 1995 de Instituțiile Educației Lumina și este o instituție de învățământ privat acreditată de Ministerul Educației, Cercetării, Tineretului și Sportului și urmează curriculumului național de educație.",Educație,Privată,Mic,Mică,Mică,Pentru tineri,Local,https://ichb.ro/
160,Centrul IT Cluj,"Cluj IT este o organizație bazată pe centru formată din organizații active în domeniul tehnologiei informației: furnizori de servicii și soluții software, universități și institute de cercetare, organisme publice și alte organizații catalizatoare.",Altul,Non-guvernamentală,Mic,Mare,Mică,Impact indirect,Local,https://www.clujit.ro/
161,Centrul Voluntari Cluj-Napoca,Misiunea Centrului de Voluntari Cluj-Napoca este de a dezvolta voluntariat pentru a implica cetățeni în rezolvarea problemelor comunității Cluj.,Tineri,Non-guvernamentală,Mare,Mică,Mare,Pentru tineri,Local,https://centruldevoluntariat.ro/
162,Asociația Autism Transilvania,,Sănătate,Non-guvernamentală,Mare,Mică,Mare,Pentru tineri,Regional,http://www.autismtransilvania.ro/
163,Minte Forte,Educația pentru sănătate mintală susține îmbunătățirea sau menținerea sănătății mintale și dezvoltării psihologice.,Sănătate,Non-guvernamentală,Mare,Mică,Mare,Impact indirect,Local,https://minteforte.ro/
164,Asociația Start-up-uri Românești,"Sunt o organizație umbrelă care își propune să promoveze, să sprijine și să reprezinte interesele start-up-urilor tehnologice din România. ROTSA reunește principalii actori ai ecosistemului național al start-up-urilor tehnologice, facilitând comunicarea lor și creând conexiuni și parteneriate între ei.",Altul,Non-guvernamentală,Mic,Mare,Mică,Impact indirect,Național,https://rotsa.ro/
165,ClujHub,"ClujHub este un spațiu comun de colaborare, cu birouri la care pot fi accesate pe bază de abonament.",Altul,Privată,,,,Impact indirect,Local,https://clujhub.ro/
166,TedxCluj,TED este un brand de conferințe în care unii dintre cei mai importanți gânditori și activiști din lume sunt invitați să împărtășească informații din domeniile de care sunt pasionați. Ted își definește misiunea ca fiind „idei care merită răspândite”.,Altul,Privată,Mic,Mică,Mică,Impact indirect,Local,https://tedxcluj.com/
167,FreshBlood HealthTech,"Organizația neguvernamentală care sprijină inovația în domeniul sănătății prin conectarea inovatorilor la lucrurile de care au nevoie, oferind feedback și îndrumare.",Sănătate,Non-guvernamentală,Mare,Mică,Mică,Impact indirect,EU,https://freshblood.ro/
168,EduNetworks,"Programul începe cu consultări locale și vizite de găsire a faptelor, după care școlile participante din fiecare cluster au facilitat activități pentru a-și stabili obiectivele și prioritățile.",Educație,Auto-organizată,Mare,Mică,Mare,Pentru tineri,Național,https://edunetworks.ro/
169,Fundația New Horizons,"La nivel național, Fundația New Horizons desfășoară programe educaționale. Cu ajutorul lor, din primii ani de grădiniță până la sfârșitul liceului, copiii și tinerii sunt susținuți în creșterea și dezvoltarea lor, ca adulți educați, implicați, responsabili și încrezători în sine.",Educație,Non-guvernamentală,Mare,Mică,Mare,Pentru tineri,Național,https://www.noi-orizonturi.ro/
170,Psihoterapie Dr. Borza Laura,,Sănătate,Privată,Mare,Mică,Mare,Impact indirect,Local,
171,Asociația Dezvoltare Activă,,Tineri,Non-guvernamentală,Mic,Mică,Mică,Pentru tineri,Național,https://dezvoltareactiva.ro/
172,Crucea Roșie,,Social,Non-guvernamentală,Mare,Mare,Mare,Impact indirect,Național,https://crucearosie.ro/
173,Fundația Crucea Alb-Galbenă,,Sănătate,Non-guvernamentală,Mic,Mare,Mică,Impact indirect,Național,https://www.cag.ro/
174,Softeducation,"Educația Soft oferă proiecte educaționale dedicate studenților, cu scopul de a crește abilitățile.",Inovare ,Privată,Mare,Mică,Mare,,,https://www.facebook.com/softeducation2016/
175,Clinica PsyLife,Practică privată în psihoterapie,Sănătate,Privată,Mare,Mare,Mare,Impact indirect,Local,https://psylife.ro/
176,Psihologul Vesel,Practică privată în psihoterapie,Sănătate,Privată,Mare,Mare,Mare,Pentru tineri,Local,https://www.facebook.com/psihologul.vesel.oradea/
177,Institutul pentru Studiul si Tratamentul Traumei,ISTT studiază cauzele și efectele traumelor psihologice umane pentru a le populariza pentru a preveni și vindeca efectele lor negative.,Sănătate,Publică,Mare,Mare,Mare,Impact indirect,Național,https://www.istt.ro/
178,Asociația Spring,Servicii psihologice și organizații de formare și evenimente de dezvoltare,Sănătate,Non-guvernamentală,Mare,Mică,Mare,Pentru tineri,Regional,https://www.facebook.com/asociatiaspring/
179,Hand in Hand Parenting,Asociația ajută familiile să construiască o conexiune mai puternică a părintelui copil.,Părinți,Non-guvernamentală,Mare,Mare,Mare,Impact indirect,Global,https://www.handinhandparenting.org/
180,Pagina de Psihologie,,Sănătate,Privată,Mare,Mare,Mare,,Național,https://www.paginadepsihologie.ro/gaspar/
181,Asociația Smart and Happy,Echipa Smart and Happy dezvoltă programe pentru copii cu tulburări neurodezvoltate și părinți,Sănătate,Non-guvernamentală,Mare,Mică,Mare,Pentru tineri,Național,https://smart-and-happy.ro/contacteaza-ne/
182,Centrul Medical Promedis,,Sănătate,Cercetare & academică,Mare,Mare,Mare,Impact indirect,Național,
183,Premiul Internațional Ducele de Edinburgh,,Altul,Auto-organizată,Mic,Mică,Mică,,Global,https://dofe.ro/en/
184,Asociația de Sprijinire a Activităților pentru Copii a Palatului Copiilor Cluj,,Tineri,Non-guvernamentală,Mic,Mică,Mică,Pentru tineri,Local,
185,Asociația Blondie,"Privisiunea voluntarilor instruiți cu copii spitalizați singuri în spitale de maternitate și secții pediatrice. Voluntarul face ceea ce ar face o mamă dacă ar fi acolo: vorbește cu copilul, îl mângâie, îi spune povești, îl iubește",Tineri,Non-guvernamentală,Mare,Mică,Mică,Pentru tineri,Național,https://www.asociatia-blondie.ro
186,Fundația Națională pentru Tineret,"Organizează întâlniri, ateliere, sesiuni de instruire și investesc în recrutarea și păstrarea personalului tinerilor și în dezvoltarea infrastructurii membrilor, precum și în organizarea activităților de tineret de către aceștia.",Tineri,Non-guvernamentală,Mic,Mică,Mică,Pentru tineri,Național,https://rotineret.ro
187,EvoCariera,Se concentrează pe crearea conștientizării cu privire la viitorul muncii și pe abilitățile de viață și de carieră pe care tinerii trebuie să le dezvolte. Dezvoltă programe pentru studenți în liceu și universitate și profesori în principal pe abilități de carieră.,Educație,Non-guvernamentală,Mare,Mică,Mare,,Local,